file,H4,GS
sample_1.mid,1.5011528344410163,0.0
sample_1.mid,1.584962500721156,0.0
sample_1.mid,0.7264421659411815,0.0
