file,H4,GS
sample_1.mid,3.169925001442312,0.0
sample_1.mid,0.025050966855686252,0.0
sample_1.mid,2.3709505944546687,0.0
